{"stockholm":[0,0,0,0,0,0,0,0.005865476439400602,0.1347226619674826,0.04270800032438563,0,0,0,0,0,0,0,0,0.09513069600152851,0.08816544272974029,0.11767612106547458,0.23003665410774238,0.01887950228932069,0],"malmö":[0.012537025640151125,0.006895364102083119,0.008149066666098232,0.0062685128200755625,0.0018805538460226689,0.010029620512120899,0.02507405128030225,0.0689536410208312,0.11972859486344326,0.06644623589280096,0.05077495384261206,0.0745953025588992,0.1504443076818135,0.1636081846039722,0.16736929229601755,0.1592202256299193,0.16548873844999487,0.17990631793616865,0.17363780511609309,0.189309087166282,0.21751739485662203,0.20748777434450114,0.04576014358655161,0.029462010254355145],"umeå":[0.09061055275576929,0.12387265440029219,0.10552115004469334,0.10093327395579363,0.12616659244474204,0.11584387124471769,0.12387265440029219,0.09405145982244406,0.09405145982244406,0.11240296417804291,0.10322721200024348,0.1456650658225658,0.11584387124471769,0.2293938044449855,0.16860444626706436,0.17778019844486379,0.21333623813383654,0.2282468354227606,0.20530745497826206,0.24086349466723478,0.27297862728953276,0.26380287511173334,0.13993022071144115,0.08831661471131942],"sundsvall":[0.05648682671496242,0.0583697209387945,0.05083814404346618,0.045189461371969934,0.0583697209387945,0.11297365342992484,0.12238812454908524,0.14309996101123815,0.2146499415168572,0.22783020108368177,0.21276704729302512,0.24854203754583465,0.2654880855603234,0.1882894223832081,0.27678545090331585,0.3313893833944462,0.23159598953134594,0.2523078259934988,0.303145970036965,0.35210121985659903,0.22971309530751385,0.2636051913364913,0.19017231660704015,0.09414471119160404],"göteborg":[0.12775618989825155,0.15141474358311297,0.1419513221091684,0.1419513221091684,0.19873185095283574,0.2081952724267803,0.3501465945359487,0.33595146232503187,0.31229290864017045,0.2744392227443922,0.321756330114115,0.34068317306200413,0.3075611979031982,0.3690734374838378,0.33595146232503187,0.4305856770644774,0.33121975158805955,0.525219891803923,0.4873662059081448,0.5394150240148399,0.45897594148631116,0.3501465945359487,0.21765869390072487,0.19400014021586345],"karlstad":[0.050850890909584966,0.04068071272766797,0.008136142545533595,0.004068071272766797,0.018306320727450587,0.11187196000108693,0.11187196000108693,0.14441653018322131,0.19323338545642288,0.22781199127494065,0.22170988436579042,0.22170988436579042,0.18306320727450587,0.2644246327298418,0.2684927040026086,0.31120745236666,0.2623905970934584,0.3030713098211264,0.35188816509432796,0.3783306283673121,0.3396839512760275,0.23798216945685763,0.17899513600173908,0.061021069091501956],"kiruna":[0.20689655172413793,0.08620689655172413,0.1896551724137931,0.4482758620689655,0.3448275862068965,0.5172413793103449,0.5517241379310345,0.896551724137931,0.8793103448275861,0.6206896551724138,0.7241379310344828,0.6551724137931034,0.43103448275862066,0.7413793103448275,0.6206896551724138,0.9827586206896551,0.8448275862068965,1,0.6551724137931034,0.6206896551724138,0.8448275862068965,0.43103448275862066,0.24137931034482757,0.29310344827586204]}