{"stockholm":[0,0,0,0,0,0,0,4.3478260869565215,100,31.793478260869563,0,0,0,0,0,0,0,0,70.65217391304347,65.48913043478261,0,0,0,0],"malmö":[2.717391304347826,1.6304347826086956,1.902173913043478,1.358695652173913,0.5434782608695652,2.1739130434782608,5.434782608695652,14.945652173913043,26.08695652173913,14.402173913043477,11.141304347826086,7.880434782608695,11.141304347826086,10.326086956521738,11.956521739130434,13.315217391304348,11.41304347826087,10.869565217391305,13.586956521739129,13.043478260869565,16.84782608695652,11.41304347826087,8.152173913043478,6.521739130434782],"umeå":[7.880434782608695,11.684782608695652,10.054347826086955,8.152173913043478,10.326086956521738,9.239130434782608,9.51086956521739,7.065217391304348,7.33695652173913,6.7934782608695645,3.532608695652174,5.434782608695652,4.619565217391304,7.608695652173912,6.25,6.25,12.5,13.315217391304348,10.597826086956522,11.141304347826086,8.152173913043478,12.5,10.597826086956522,6.7934782608695645],"sundsvall":[2.717391304347826,2.1739130434782608,1.6304347826086956,2.1739130434782608,1.902173913043478,4.619565217391304,4.891304347826087,6.521739130434782,8.695652173913043,7.608695652173912,6.25,6.25,7.33695652173913,6.25,9.239130434782608,10.869565217391305,8.152173913043478,8.152173913043478,11.684782608695652,11.956521739130434,7.065217391304348,8.152173913043478,7.608695652173912,3.804347826086956],"göteborg":[1.902173913043478,2.4456521739130435,3.260869565217391,2.4456521739130435,2.9891304347826084,4.076086956521739,4.891304347826087,5.706521739130435,4.3478260869565215,2.717391304347826,3.804347826086956,5.706521739130435,3.260869565217391,4.076086956521739,4.619565217391304,6.25,4.619565217391304,9.239130434782608,7.880434782608695,8.695652173913043,7.608695652173912,5.978260869565217,4.3478260869565215,3.532608695652174],"karlstad":[2.717391304347826,1.6304347826086956,0.2717391304347826,0.2717391304347826,1.358695652173913,5.434782608695652,4.3478260869565215,5.706521739130435,8.152173913043478,6.7934782608695645,6.521739130434782,5.978260869565217,4.619565217391304,8.42391304347826,10.054347826086955,13.315217391304348,7.33695652173913,10.054347826086955,10.054347826086955,11.41304347826087,9.782608695652174,5.434782608695652,6.521739130434782,2.4456521739130435],"kiruna":[0.2717391304347826,0.2717391304347826,0.2717391304347826,2.1739130434782608,2.4456521739130435,1.0869565217391304,1.902173913043478,3.804347826086956,3.804347826086956,1.6304347826086956,2.4456521739130435,2.1739130434782608,1.6304347826086956,2.4456521739130435,2.4456521739130435,2.717391304347826,2.9891304347826084,3.804347826086956,1.902173913043478,2.717391304347826,3.260869565217391,1.6304347826086956,1.0869565217391304,0.5434782608695652]}