{
  "stockholm": [
    100,
    70.65217391304347,
    65.48913043478261,
    31.793478260869563,
    4.3478260869565215,
    0,
    0,
    0,
    0,
    0,
    0,
    0,
    0,
    0,
    0,
    0,
    0,
    0,
    0,
    0,
    0,
    0,
    0,
    0
  ],
  "malmö": [
    26.08695652173913,
    16.84782608695652,
    14.945652173913043,
    14.402173913043477,
    13.586956521739129,
    13.315217391304348,
    13.043478260869565,
    11.956521739130434,
    11.41304347826087,
    11.41304347826087,
    11.141304347826086,
    11.141304347826086,
    10.869565217391305,
    10.326086956521738,
    8.152173913043478,
    7.880434782608695,
    6.521739130434782,
    5.434782608695652,
    2.717391304347826,
    2.1739130434782608,
    1.902173913043478,
    1.6304347826086956,
    1.358695652173913,
    0.5434782608695652
  ],
  "umeå": [
    13.315217391304348,
    12.5,
    12.5,
    11.684782608695652,
    11.141304347826086,
    10.597826086956522,
    10.597826086956522,
    10.326086956521738,
    10.054347826086955,
    9.51086956521739,
    9.239130434782608,
    8.152173913043478,
    8.152173913043478,
    7.880434782608695,
    7.608695652173912,
    7.33695652173913,
    7.065217391304348,
    6.7934782608695645,
    6.7934782608695645,
    6.25,
    6.25,
    5.434782608695652,
    4.619565217391304,
    3.532608695652174
  ],
  "sundsvall": [
    11.956521739130434,
    11.684782608695652,
    10.869565217391305,
    9.239130434782608,
    8.695652173913043,
    8.152173913043478,
    8.152173913043478,
    8.152173913043478,
    7.608695652173912,
    7.608695652173912,
    7.33695652173913,
    7.065217391304348,
    6.521739130434782,
    6.25,
    6.25,
    6.25,
    4.891304347826087,
    4.619565217391304,
    3.804347826086956,
    2.717391304347826,
    2.1739130434782608,
    2.1739130434782608,
    1.902173913043478,
    1.6304347826086956
  ],
  "göteborg": [
    9.239130434782608,
    8.695652173913043,
    7.880434782608695,
    7.608695652173912,
    6.25,
    5.978260869565217,
    5.706521739130435,
    5.706521739130435,
    4.891304347826087,
    4.619565217391304,
    4.619565217391304,
    4.3478260869565215,
    4.3478260869565215,
    4.076086956521739,
    4.076086956521739,
    3.804347826086956,
    3.532608695652174,
    3.260869565217391,
    3.260869565217391,
    2.9891304347826084,
    2.717391304347826,
    2.4456521739130435,
    2.4456521739130435,
    1.902173913043478
  ],
  "karlstad": [
    13.315217391304348,
    11.41304347826087,
    10.054347826086955,
    10.054347826086955,
    10.054347826086955,
    9.782608695652174,
    8.42391304347826,
    8.152173913043478,
    7.33695652173913,
    6.7934782608695645,
    6.521739130434782,
    6.521739130434782,
    5.978260869565217,
    5.706521739130435,
    5.434782608695652,
    5.434782608695652,
    4.619565217391304,
    4.3478260869565215,
    2.717391304347826,
    2.4456521739130435,
    1.6304347826086956,
    1.358695652173913,
    0.2717391304347826,
    0.2717391304347826
  ],
  "kiruna": [
    3.804347826086956,
    3.804347826086956,
    3.804347826086956,
    3.260869565217391,
    2.9891304347826084,
    2.717391304347826,
    2.717391304347826,
    2.4456521739130435,
    2.4456521739130435,
    2.4456521739130435,
    2.4456521739130435,
    2.1739130434782608,
    2.1739130434782608,
    1.902173913043478,
    1.902173913043478,
    1.6304347826086956,
    1.6304347826086956,
    1.6304347826086956,
    1.0869565217391304,
    1.0869565217391304,
    0.5434782608695652,
    0.2717391304347826,
    0.2717391304347826,
    0.2717391304347826
  ]
}
