{"stockholm":[0,0,0,0,0,0,0,0.004624159745155442,0.10621116914653907,0.03366966314441306,0,0,0,0,0,0,0,0,0.07499809086673984,0.06950690116936775,0.028900998407221518,0.10071997944916698,0.014884014179719083,0],"malmö":[0.010815775724074586,0.0059486766482410225,0.007030254220648481,0.005407887862037293,0.001622366358611188,0.00865262057925967,0.021631551448149173,0.05948676648241022,0.1032906581649123,0.0573236113375953,0.04380389168250207,0.060027555268613954,0.0773327964271333,0.09734198151667127,0.09463803758565263,0.08977093850981907,0.08652620579259669,0.09139330486843025,0.09842355908907874,0.11302485631657942,0.12329984325445029,0.12275905446824655,0.03947758139287224,0.02541707295157528],"umeå":[0.058294882420613814,0.08643723945125498,0.07538131347493167,0.05929996660027957,0.07638639765459741,0.06834572421727138,0.07035589257660288,0.05226437734261928,0.05326946152228504,0.07136097675626864,0.058294882420613814,0.09447791288858101,0.07337114511560014,0.1417168693328715,0.11156434394289885,0.10553383886490432,0.13367619589554547,0.15578804784819208,0.12262026991922215,0.1376965326142085,0.14272195351253728,0.14674229023120028,0.08543215527158922,0.049249124803622014],"sundsvall":[0.042685192385791194,0.03369883609404568,0.02695906887523654,0.035945425166982056,0.0314522470211093,0.0741374394069005,0.08087720662570963,0.10783627550094615,0.1460282897408646,0.166247591397292,0.1595078241784829,0.1864668930537194,0.16175441325141926,0.13704193344911908,0.19096007119959216,0.2269054963665742,0.1864668930537194,0.1640010023243556,0.2269054963665742,0.231398674512447,0.1595078241784829,0.19545324934546493,0.1347953443761827,0.06065790496928222],"göteborg":[0.08366008264880694,0.10158724321640841,0.13744156435161137,0.10158724321640841,0.12549012397321038,0.17927160567601486,0.21512592681121784,0.25098024794642076,0.19122304605441584,0.1314658441624109,0.17329588548681435,0.25695596813562127,0.16134444510841336,0.20317448643281683,0.2330530873788193,0.3047617296492252,0.23902880756801978,0.4362275738116361,0.3943975324872327,0.3943975324872327,0.3585432113520297,0.2629316883248218,0.18524732586521533,0.14939300473001238],"karlstad":[0.05673771246636654,0.034042627479819926,0.002836885623318327,0.002836885623318327,0.025531970609864944,0.11063853930941475,0.09078033994618646,0.11914919617936973,0.17021313739909963,0.147518052412553,0.16453936615246298,0.16170248052914465,0.12765985304932473,0.20141887925560123,0.24113527798205778,0.28936233357846936,0.1673762517757813,0.2326246211121028,0.24680904922869443,0.2836885623318327,0.23546150673542113,0.1361705099192797,0.1361705099192797,0.048227055596411564],"kiruna":[0.06060606060606061,0.030303030303030304,0.06060606060606061,0.48484848484848486,0.5454545454545455,0.24242424242424243,0.393939393939394,0.8181818181818182,0.8181818181818182,0.4545454545454546,0.5151515151515151,0.48484848484848486,0.36363636363636365,0.5151515151515151,0.5757575757575758,0.696969696969697,0.696969696969697,1,0.42424242424242425,0.6363636363636364,0.7272727272727273,0.36363636363636365,0.24242424242424243,0.12121212121212122]}